species,mean_weight,min_weight,max_weight
Adelie,3706.1643835616437,2850,4775
Chinstrap,3733.0882352941176,2700,4800
Gentoo,5092.436974789916,3950,6300
